{"name":"bd694bd8-c05c-40b1-8460-e01987b811b9","id":"/providers/Microsoft.Flow/flows/bd694bd8-c05c-40b1-8460-e01987b811b9","type":"Microsoft.Flow/flows","properties":{"apiId":"/providers/Microsoft.PowerApps/apis/shared_logicflows","displayName":"Watch - Twitter","definition":{"metadata":{"workflowEntityId":null,"processAdvisorMetadata":null,"flowclientsuspensionreason":"None","flowclientsuspensiontime":null,"creator":{"id":"4ea60d54-d1a1-4765-a420-8c98f63f742c","type":"User","tenantId":"5eb0364a-1e47-4d89-8af8-ef88abfa199c"},"provisioningMethod":"FromDefinition","failureAlertSubscription":true,"clientLastModifiedTime":"2022-02-07T07:53:28.3870283Z"},"$schema":"https://schema.management.azure.com/providers/Microsoft.Logic/schemas/2016-06-01/workflowdefinition.json#","contentVersion":"1.0.0.0","parameters":{"$connections":{"defaultValue":{},"type":"Object"},"$authentication":{"defaultValue":{},"type":"SecureObject"}},"triggers":{"When_a_new_tweet_is_posted":{"recurrence":{"frequency":"Minute","interval":3},"splitOn":"@triggerOutputs()?['body/value']","metadata":{"operationMetadataId":"b71e217b-526f-4d57-a020-70f7cec40371"},"type":"OpenApiConnection","inputs":{"host":{"apiId":"/providers/Microsoft.PowerApps/apis/shared_twitter","connectionName":"shared_twitter","operationId":"OnNewTweet"},"parameters":{"searchQuery":"from:@thijoubert OR from:@JoanneCKlein OR from:LauraKokkarinen OR from:paulrobichaux OR from:regarding365 OR from:M365Rising OR from:aOSComm OR from:stevegoodman OR from:Office365ForITP OR from:EricaToelle OR from:vanhybrid OR from:12Knocksinna OR from:Practical365 OR from:Thomas_Live"},"authentication":"@parameters('$authentication')"}}},"actions":{"Select_only_original_Tweets":{"actions":{"Deal_with_media_url":{"actions":{"Apply_to_each":{"foreach":"@triggerOutputs()?['body/MediaUrls']","actions":{"Compose":{"runAfter":{},"metadata":{"operationMetadataId":"5f9bad21-823f-45cb-b148-099f79bf98d8"},"type":"Compose","inputs":"{\n                    \"type\": \"Image\",\n                    \"url\": \"@{items('Apply_to_each')}\"\n },\n "},"Compose_2":{"runAfter":{"Compose":["Succeeded"]},"metadata":{"operationMetadataId":"1cd33e8c-dfcb-4131-b89f-0493d122ebe4"},"type":"Compose","inputs":"@concat(variables('MediaItems'),outputs('Compose'))"},"Set_MediaItems":{"runAfter":{"Compose_2":["Succeeded"]},"metadata":{"operationMetadataId":"d1d14fb1-afbd-483d-b9e6-a0a933fe4b5c"},"type":"SetVariable","inputs":{"name":"MediaItems","value":"@{outputs('Compose_2')}"}}},"runAfter":{},"metadata":{"operationMetadataId":"482e40a8-3c32-457a-8b86-7a8419e0fab5"},"type":"Foreach"},"Remove_last_caracters_of_MediaItems":{"runAfter":{"Apply_to_each":["Succeeded"]},"metadata":{"operationMetadataId":"95126405-4859-43f9-acaf-15c4e6136cd6"},"type":"Compose","inputs":"@substring(variables('MediaItems'),0,sub(length(variables('MediaItems')),3))"},"Set_variable":{"runAfter":{"Remove_last_caracters_of_MediaItems":["Succeeded"]},"metadata":{"operationMetadataId":"3e85dbce-c04f-4fcd-93d4-5c8a0d265248"},"type":"SetVariable","inputs":{"name":"MediaItems","value":"@{outputs('Remove_last_caracters_of_MediaItems')}"}}},"runAfter":{},"expression":{"equals":["@triggerOutputs()?['body/MediaUrls']",""]},"metadata":{"operationMetadataId":"d3f3e753-2da1-4e68-b940-aa971c29e6eb"},"type":"If"},"Post_adaptive_card_in_a_chat_or_channel":{"runAfter":{"Deal_with_media_url":["Succeeded"]},"metadata":{"operationMetadataId":"87525bf7-41a7-4bab-82c5-0791bbfd8509"},"type":"OpenApiConnection","inputs":{"host":{"apiId":"/providers/Microsoft.PowerApps/apis/shared_teams","connectionName":"shared_teams","operationId":"PostCardToConversation"},"parameters":{"poster":"Flow bot","location":"Channel","body/recipient/groupId":"ac9a6d19-5c73-4909-bbaa-7a6b29dbf18a","body/recipient/channelId":"19:b5facca0816e4f108708082928e1f776@thread.tacv2","body/messageBody":"{\n    \"type\": \"AdaptiveCard\",\n    \"body\": [\n        {\n            \"type\": \"ColumnSet\",\n            \"columns\": [\n                {\n                    \"type\": \"Column\",\n                    \"items\": [\n                        {\n                            \"type\": \"Image\",\n                            \"style\": \"Person\",\n                            \"url\": \"@{triggerOutputs()?['body/UserDetails/ProfileImageUrl']}\",\n                            \"size\": \"Small\"\n                        }\n                    ],\n                    \"width\": \"auto\"\n                },\n                {\n                    \"type\": \"Column\",\n                    \"items\": [\n                        {\n                            \"type\": \"TextBlock\",\n                            \"weight\": \"Bolder\",\n                            \"text\": \"@{triggerOutputs()?['body/UserDetails/FullName']}\",\n                            \"wrap\": true\n                        },\n                        {\n                            \"type\": \"TextBlock\",\n                            \"spacing\": \"None\",\n                            \"text\": \"@{triggerOutputs()?['body/UserDetails/UserName']} | Posted at @{triggerOutputs()?['body/CreatedAtIso']}\",\n                            \"isSubtle\": true,\n                            \"wrap\": true\n                        }\n                    ],\n                    \"width\": \"stretch\"\n                }\n            ]\n        },\n        {\n            \"type\": \"TextBlock\",\n            \"text\": \"@{triggerOutputs()?['body/TweetText']}\",\n            \"wrap\": true\n        },\n        {\n            \"type\": \"ImageSet\",\n            \"imageSize\": \"medium\",\n            \"images\": [\n               @{variables('MediaItems')}\n                ]\n        }\n    ],\n    \"actions\": [\n        {\n            \"type\": \"Action.OpenUrl\",\n            \"title\": \"View Tweet\",\n            \"url\": \"https://twitter.com/@{triggerOutputs()?['body/UserDetails/UserName']}/status/@{triggerOutputs()?['body/TweetId']}/\"\n        },\n        {\n            \"type\": \"Action.OpenUrl\",\n            \"title\": \"View User\",\n            \"url\": \"https://twitter.com/@{triggerOutputs()?['body/UserDetails/UserName']}/\"\n        }\n\n    ],\n    \"msteams\": {\n        \"width\": \"Full\"\n    },\n    \"$schema\": \"http://adaptivecards.io/schemas/adaptive-card.json\",\n    \"version\": \"1.2\"\n}\n"},"authentication":"@parameters('$authentication')"}}},"runAfter":{"Compose_3":["Succeeded"]},"expression":{"and":[{"equals":["@empty(triggerOutputs()?['body/OriginalTweet'])","@true"]},{"equals":["@empty(triggerOutputs()?['body/OriginalTweet/TweetInReplyToUserId'])","@true"]}]},"metadata":{"operationMetadataId":"c64f648f-8091-4265-89dc-50872c7bc432"},"type":"If"},"Initialize_variable":{"runAfter":{},"metadata":{"operationMetadataId":"971637c7-5029-4ff0-aeff-886f6d24c162"},"type":"InitializeVariable","inputs":{"variables":[{"name":"MediaItems","type":"string"}]}},"Compose_3":{"runAfter":{"Initialize_variable":["Succeeded"]},"metadata":{"operationMetadataId":"41874609-4a0b-49db-b57f-343a6c8a1e73"},"type":"Compose","inputs":"@triggerOutputs()?['body/OriginalTweet']"}}},"connectionReferences":{"shared_teams":{"connectionName":"shared-teams-5c885d30-3d14-4f41-8a2f-cff4-b0e43ded","source":"Embedded","id":"/providers/Microsoft.PowerApps/apis/shared_teams","tier":"NotSpecified"},"shared_twitter":{"connectionName":"6dc64e1ceb824fd288f77a4a852406db","source":"Embedded","id":"/providers/Microsoft.PowerApps/apis/shared_twitter","tier":"NotSpecified"}},"flowFailureAlertSubscribed":false}}