{"name":"c322ae87-2ac9-4f3e-a915-ec3bea08ef9e","id":"/providers/Microsoft.Flow/flows/c322ae87-2ac9-4f3e-a915-ec3bea08ef9e","type":"Microsoft.Flow/flows","properties":{"apiId":"/providers/Microsoft.PowerApps/apis/shared_logicflows","displayName":"Watch - Microsoft - Message Center - Export","definition":{"metadata":{"workflowEntityId":null,"processAdvisorMetadata":null,"flowclientsuspensionreason":"None","flowclientsuspensiontime":null,"creator":{"id":"4ea60d54-d1a1-4765-a420-8c98f63f742c","type":"User","tenantId":"5eb0364a-1e47-4d89-8af8-ef88abfa199c"},"provisioningMethod":"FromDefinition","failureAlertSubscription":true,"clientLastModifiedTime":"2022-01-21T08:37:00.9913119Z"},"$schema":"https://schema.management.azure.com/providers/Microsoft.Logic/schemas/2016-06-01/workflowdefinition.json#","contentVersion":"1.0.0.0","parameters":{"$authentication":{"defaultValue":{},"type":"SecureObject"}},"triggers":{"Recurrence":{"recurrence":{"frequency":"Day","interval":1,"timeZone":"Romance Standard Time","startTime":"2021-06-29T00:00:00.000Z","schedule":{"hours":["0"],"minutes":[1]}},"metadata":{"operationMetadataId":"e24fdb28-cf52-4c1f-b145-0bc9029c428b"},"type":"Recurrence"}},"actions":{"Get_Messages_from_Message_Centers":{"runAfter":{"Set_URI":["Succeeded"]},"metadata":{"operationMetadataId":"f29f60a9-9c00-46f2-ab32-f8b73b706611"},"type":"Http","inputs":{"method":"GET","uri":"@{outputs('Set_URI')}","authentication":{"type":"ActiveDirectoryOAuth","authority":"https://login.microsoftonline.com","tenant":"@variables('TenantID')","audience":"https://graph.microsoft.com","clientId":"@variables('ClientID')","secret":"@variables('ClientSecret')"}}},"Authentication_Token_-_Set_ClientID":{"runAfter":{"Authentication_Token_-_Set_TenantID":["Succeeded"]},"metadata":{"operationMetadataId":"3992cee9-bee3-4440-bd7e-a1bfafd65b4a"},"type":"InitializeVariable","inputs":{"variables":[{"name":"ClientID","type":"string","value":"xxxxx"}]}},"Authentication_Token_-_Set_TenantID":{"runAfter":{"Initialize_variable_-_vCategory":["Succeeded"]},"metadata":{"operationMetadataId":"8a62364c-1190-4309-bad7-90022f949b2f"},"type":"InitializeVariable","inputs":{"variables":[{"name":"TenantID","type":"string","value":"xxxxx"}]}},"Authentication_Token_-_Set_ClientSecret":{"runAfter":{"Authentication_Token_-_Set_ClientID":["Succeeded"]},"metadata":{"operationMetadataId":"d5b638f0-e2dd-491a-ac2e-d2b6510c1813"},"type":"InitializeVariable","inputs":{"variables":[{"name":"ClientSecret","type":"string","value":"xxxxx"}]}},"Get_Messages_from_Message_Centers_-_Parse_HTTP_Request":{"runAfter":{"Get_Messages_from_Message_Centers":["Succeeded"]},"metadata":{"operationMetadataId":"9ba70272-acc2-41c5-9eb3-2b36f8bd8b47"},"type":"ParseJson","inputs":{"content":"@body('Get_Messages_from_Message_Centers')","schema":{"type":"object","properties":{"@@odata.context":{"type":"string"},"value":{"type":"array","items":{"type":"object","properties":{"startDateTime":{"type":"string"},"endDateTime":{"type":"string"},"lastModifiedDateTime":{"type":"string"},"title":{"type":"string"},"id":{"type":"string"},"category":{"type":"string"},"severity":{"type":"string"},"tags":{"type":"array","items":{"type":"string"}},"isMajorChange":{"type":"boolean"},"actionRequiredByDateTime":{},"services":{"type":"array","items":{"type":"string"}},"expiryDateTime":{},"hasAttachments":{"type":"boolean"},"viewPoint":{},"details":{"type":"array","items":{"type":"object","properties":{"name":{"type":"string"},"value":{"type":"string"}},"required":["name","value"]}},"body":{"type":"object","properties":{"contentType":{"type":"string"},"content":{"type":"string"}}}},"required":["startDateTime","endDateTime","lastModifiedDateTime","title","id","category","severity","tags","isMajorChange","actionRequiredByDateTime","services","expiryDateTime","hasAttachments","viewPoint","details","body"]}}}}}},"Messages_-_Processing":{"foreach":"@body('Get_Messages_from_Message_Centers_-_Parse_HTTP_Request')?['value']","actions":{"Set_variables":{"actions":{"Set_variable_-_vArrayMessageTagsNames":{"actions":{"MessageTagNames_-_Split":{"runAfter":{"MessageTagNames_-_Join":["Succeeded"]},"metadata":{"operationMetadataId":"7fb858ef-f375-4b60-9399-277f8932f645"},"type":"Compose","inputs":"@split(body('MessageTagNames_-_Join'),',')"},"Apply_to_each":{"foreach":"@outputs('MessageTagNames_-_Split')","actions":{"Append_to_array_variable":{"runAfter":{},"metadata":{"operationMetadataId":"5586ceac-9628-41fa-b375-c5a7290826a6"},"type":"AppendToArrayVariable","inputs":{"name":"vArrayMessageTagsNames","value":{"Value":"@items('Apply_to_each')"}}}},"runAfter":{"MessageTagNames_-_Split":["Succeeded"]},"metadata":{"operationMetadataId":"b77608c1-bbaf-41a0-8768-0aee4acea08c"},"type":"Foreach"},"Reset_variable_-_vArrayMessageTagsNames":{"runAfter":{},"metadata":{"operationMetadataId":"26c1c9d7-9f58-4d7c-b1d1-90d1c249b4d8"},"type":"SetVariable","inputs":{"name":"vArrayMessageTagsNames","value":"@null"}},"MessageTagNames_-_Join":{"runAfter":{"Reset_variable_-_vArrayMessageTagsNames":["Succeeded"]},"metadata":{"operationMetadataId":"46346d41-c262-4b5d-958a-6f736cedb079"},"type":"Join","inputs":{"from":"@items('Messages_-_Processing')?['tags']","joinWith":","}},"Compose":{"runAfter":{"Apply_to_each":["Succeeded"]},"metadata":{"operationMetadataId":"98e15c26-cd30-498e-9f95-0b5aa6b68b95"},"type":"Compose","inputs":"@variables('vArrayMessageTagsNames')"}},"runAfter":{},"metadata":{"operationMetadataId":"78b835a9-c257-49d0-911e-a7f3a5da59ff"},"type":"Scope"},"Set_variable_-_vCategory":{"actions":{"Set_vCategory_=_Plan_For_Change":{"runAfter":{},"metadata":{"operationMetadataId":"cb737a65-b483-4648-b462-10f2b8ff37de"},"type":"SetVariable","inputs":{"name":"vCategory","value":"Plan For Change"}}},"runAfter":{"Set_variable_-_vArrayMessageTagsNames":["Succeeded"]},"else":{"actions":{"Condition_2":{"actions":{"Set_vCategory_=_Stay_Informed":{"runAfter":{},"metadata":{"operationMetadataId":"b76083d9-7c7c-45c2-9d81-e439b53d8437"},"type":"SetVariable","inputs":{"name":"vCategory","value":"Stay Informed"}}},"runAfter":{},"expression":{"equals":["@items('Messages_-_Processing')?['category']","stayInformed"]},"metadata":{"operationMetadataId":"50c268fb-4b1f-4dec-b5c0-f61b881fd026"},"type":"If"}}},"expression":{"equals":["@items('Messages_-_Processing')?['category']","planForChange"]},"metadata":{"operationMetadataId":"ce61fcfe-da9f-44bf-85b0-5330e6ca200f"},"type":"If"},"AffectedWorkloadDisplayNames_-_Join":{"runAfter":{"Set_variable_-_vCategory":["Succeeded"]},"metadata":{"operationMetadataId":"a033ee6c-5374-403e-9372-a1a1c0d93b72"},"type":"Join","inputs":{"from":"@items('Messages_-_Processing')?['services']","joinWith":"\n"}},"Change_Id_-_Get_Value":{"runAfter":{"AffectedWorkloadDisplayNames_-_Join":["Succeeded"]},"metadata":{"operationMetadataId":"7c8ee539-ee40-4041-9cf2-e67678416d46"},"type":"Compose","inputs":"@items('Messages_-_Processing')?['Id']"},"Change_Id_URL":{"runAfter":{"Change_Id_-_Get_Value":["Succeeded"]},"metadata":{"operationMetadataId":"243eefb5-8f53-43c4-966b-8cb51a837957"},"type":"Compose","inputs":"@concat('<a href=\"https://admin.microsoft.com/#/MessageCenter/:/messages/',outputs('Change_Id_-_Get_Value'),'\"> See in Message Center</a>')"}},"runAfter":{},"metadata":{"operationMetadataId":"5b3d6bb7-ce9c-495c-9331-80dc11c359ac"},"type":"Scope"}},"runAfter":{"Get_Messages_from_Message_Centers_-_Parse_HTTP_Request":["Succeeded"]},"metadata":{"operationMetadataId":"03db7319-0ca3-4925-a0fa-3cabde255d70"},"type":"Foreach"},"Set_URI":{"runAfter":{"Authentication_Token_-_Set_ClientSecret":["Succeeded"]},"metadata":{"operationMetadataId":"7672759c-bb6f-4b88-9441-8645e1475b94"},"type":"Compose","inputs":"https://graph.microsoft.com/beta/admin/serviceAnnouncement/messages?$filter=lastModifiedDateTime ge @{addDays(utcnow(),-1)}"},"Initialize_variable_-_vArrayMessageTagsNames":{"runAfter":{},"metadata":{"operationMetadataId":"6445e2e9-3583-4bda-84cd-91b8ecd988f9"},"type":"InitializeVariable","inputs":{"variables":[{"name":"vArrayMessageTagsNames","type":"array","value":"@null"}]}},"Initialize_variable_-_vCategory":{"runAfter":{"Initialize_variable_-_vArrayMessageTagsNames":["Succeeded"]},"metadata":{"operationMetadataId":"e5be8b00-963d-4fce-91e2-7ff6d3afeaf9"},"type":"InitializeVariable","inputs":{"variables":[{"name":"vCategory","type":"string","value":"\"\""}]}}}},"connectionReferences":{},"flowFailureAlertSubscribed":false}}