{"name":"d0711d99-663c-4320-9bd0-5b276ffdc529","id":"/providers/Microsoft.Flow/flows/d0711d99-663c-4320-9bd0-5b276ffdc529","type":"Microsoft.Flow/flows","properties":{"apiId":"/providers/Microsoft.PowerApps/apis/shared_logicflows","displayName":"Watch - Microsoft - Roadmap","definition":{"metadata":{"workflowEntityId":null,"processAdvisorMetadata":null,"flowclientsuspensionreason":"None","flowclientsuspensiontime":null,"creator":{"id":"4ea60d54-d1a1-4765-a420-8c98f63f742c","type":"User","tenantId":"5eb0364a-1e47-4d89-8af8-ef88abfa199c"},"provisioningMethod":"FromDefinition","failureAlertSubscription":true,"clientLastModifiedTime":"2022-01-04T12:55:39.3194908Z"},"$schema":"https://schema.management.azure.com/providers/Microsoft.Logic/schemas/2016-06-01/workflowdefinition.json#","contentVersion":"1.0.0.0","parameters":{"$connections":{"defaultValue":{},"type":"Object"},"$authentication":{"defaultValue":{},"type":"SecureObject"},"teams.group":{"defaultValue":"","type":"String"},"teams.channel":{"defaultValue":"","type":"String"}},"triggers":{"When_a_feed_item_is_published":{"recurrence":{"frequency":"Minute","interval":3},"splitOn":"@triggerOutputs()?['body/value']","metadata":{"operationMetadataId":"4cd7cd95-08d9-4945-b64a-d584907385a5"},"type":"OpenApiConnection","inputs":{"host":{"apiId":"/providers/Microsoft.PowerApps/apis/shared_rss","connectionName":"shared_rss","operationId":"OnNewFeed"},"parameters":{"feedUrl":"http://feeds.feedburner.com/Office365RoadmapWatcher","sinceProperty":"PublishDate"},"authentication":"@parameters('$authentication')"}}},"actions":{"Alert_the_team":{"runAfter":{"Get_an_@mention_token_for_a_user":["Succeeded"]},"metadata":{"operationMetadataId":"ba48f583-05cb-4c93-a4db-1ad22624b5c9"},"type":"OpenApiConnection","inputs":{"host":{"apiId":"/providers/Microsoft.PowerApps/apis/shared_teams","connectionName":"shared_teams","operationId":"PostMessageToConversation"},"parameters":{"poster":"User","location":"Channel","body/recipient/groupId":"ac9a6d19-5c73-4909-bbaa-7a6b29dbf18a","body/recipient/channelId":"19:09dc01223ec245bea765918dff6e6a82@thread.tacv2","body/messageBody":"<p>@{triggerOutputs()?['body/summary']}<br>\n<br>\nPoke : @{outputs('Get_an_@mention_token_for_a_user')?['body/atMention']}</p>","body/subject":"@triggerOutputs()?['body/title']"},"authentication":"@parameters('$authentication')"}},"Get_an_@mention_token_for_a_user":{"runAfter":{},"metadata":{"operationMetadataId":"dd7daa11-9e40-40a3-b854-b47bedfa7f5c"},"type":"OpenApiConnection","inputs":{"host":{"apiId":"/providers/Microsoft.PowerApps/apis/shared_teams","connectionName":"shared_teams","operationId":"AtMentionUser"},"parameters":{"userId":"adm_thibault@dwpsecurity.onmicrosoft.com"},"authentication":"@parameters('$authentication')"}}},"outputs":{},"description":"When a new RSS feed item appears, notify on Microsoft Teams."},"connectionReferences":{"shared_teams":{"connectionName":"shared-teams-d7e1590f-0bff-457f-91b1-97f9-de491369","source":"Embedded","id":"/providers/Microsoft.PowerApps/apis/shared_teams","tier":"NotSpecified"},"shared_rss":{"connectionName":"shared-rss-41864d10-b70f-49ce-b1f1-0f26-f336ab92","source":"Embedded","id":"/providers/Microsoft.PowerApps/apis/shared_rss","tier":"NotSpecified"}},"flowFailureAlertSubscribed":false}}