{"name":"f5bda25a-9634-49df-96d4-f80fa7e40a07","id":"/providers/Microsoft.Flow/flows/f5bda25a-9634-49df-96d4-f80fa7e40a07","type":"Microsoft.Flow/flows","properties":{"apiId":"/providers/Microsoft.PowerApps/apis/shared_logicflows","displayName":"Watch - Microsoft - Blogs - Export","definition":{"metadata":{"workflowEntityId":null,"processAdvisorMetadata":null,"flowclientsuspensionreason":"None","flowclientsuspensiontime":null,"creator":{"id":"4ea60d54-d1a1-4765-a420-8c98f63f742c","type":"User","tenantId":"5eb0364a-1e47-4d89-8af8-ef88abfa199c"},"provisioningMethod":"FromDefinition","failureAlertSubscription":true,"clientLastModifiedTime":"2022-01-05T09:34:58.1014568Z"},"$schema":"https://schema.management.azure.com/providers/Microsoft.Logic/schemas/2016-06-01/workflowdefinition.json#","contentVersion":"1.0.0.0","parameters":{"$connections":{"defaultValue":{},"type":"Object"},"$authentication":{"defaultValue":{},"type":"SecureObject"}},"triggers":{"Recurrence":{"recurrence":{"frequency":"Day","interval":1,"startTime":"2022-01-02T23:00:00.000Z","schedule":{"hours":["0"]}},"metadata":{"operationMetadataId":"77c41a1b-c130-4d6f-b090-3ddb63088aac"},"type":"Recurrence"}},"actions":{"Security_and_Compliance_blog_-_List_all_RSS_feed_items":{"runAfter":{"Office_365_blog_-_Add_to_Variable":["Succeeded"]},"metadata":{"operationMetadataId":"7408aedb-5bb6-4edd-9375-8360e5fc3463"},"type":"OpenApiConnection","inputs":{"host":{"apiId":"/providers/Microsoft.PowerApps/apis/shared_rss","connectionName":"shared_rss","operationId":"ListFeedItems"},"parameters":{"feedUrl":"https://techcommunity.microsoft.com/gxcuf89792/rss/board?board.id=MicrosoftSecurityandCompliance","since":"@addDays(utcnow(),-1)","sinceProperty":"PublishDate"},"authentication":"@parameters('$authentication')"}},"Initialize_variable_-_vRSS":{"runAfter":{},"metadata":{"operationMetadataId":"4bc70ecb-8979-449f-9a6f-2b57bf010d87"},"type":"InitializeVariable","inputs":{"variables":[{"name":"vRSS","type":"array"}]}},"Security_and_Compliance_blog_-_Add_to_Variable":{"foreach":"@body('Security_and_Compliance_blog_-_List_all_RSS_feed_items')","actions":{"Security_and_Compliance_blog_-_Append_to_array_variable":{"runAfter":{},"metadata":{"operationMetadataId":"4f6ee439-af18-4aeb-b58c-569e186a7eff"},"type":"AppendToArrayVariable","inputs":{"name":"vRSS","value":{"Source":"Security and Compliance blog","Feed title":"@items('Security_and_Compliance_blog_-_Add_to_Variable')?['title']","Primary feed link":"@items('Security_and_Compliance_blog_-_Add_to_Variable')?['primaryLink']","Feed published on":"@items('Security_and_Compliance_blog_-_Add_to_Variable')?['publishDate']","Feed updated on":"@items('Security_and_Compliance_blog_-_Add_to_Variable')?['updatedOn']","Summary":"@items('Security_and_Compliance_blog_-_Add_to_Variable')?['summary']"}}}},"runAfter":{"Security_and_Compliance_blog_-_List_all_RSS_feed_items":["Succeeded"]},"metadata":{"operationMetadataId":"8912df87-34ac-4df7-b132-18c0fdfb700a"},"type":"Foreach"},"Compose":{"runAfter":{"Power_Automate_blog_-_Add_to_Variable":["Succeeded"]},"metadata":{"operationMetadataId":"1afbc8f5-cc19-42e2-9f09-c677568d2b04"},"type":"Compose","inputs":"@variables('vRSS')"},"Apply_to_each_feed:_Teams_sharing_and_SharePoint_archiving":{"foreach":"@variables('vRSS')","actions":{"Set_variables":{"actions":{"Set_variable_-_vUpdateDate":{"runAfter":{"Set_variable_-_vPublicationDate":["Succeeded"]},"metadata":{"operationMetadataId":"9b0332b1-9e6b-49e1-b673-f2747521c3e5"},"type":"SetVariable","inputs":{"name":"vUpdateDate","value":"@{first(split(item()?['Feed updated on'],' '))}"}},"Set_variable_-_vUrl":{"runAfter":{"Set_variable_-_vDates":["Succeeded"]},"metadata":{"operationMetadataId":"855146c5-4641-4d70-a428-4abda8796046"},"type":"SetVariable","inputs":{"name":"vUrl","value":"@{first(split(item()?['Primary feed link'],'?'))}"}},"Set_variable_-_vSummary":{"runAfter":{"Get_article_URL":["Succeeded"]},"metadata":{"operationMetadataId":"e9a72010-ed0a-47f2-86c2-d0d2f7b488d9"},"type":"SetVariable","inputs":{"name":"vSummary","value":"@{item()?['Summary']}"}},"Set_variable_-_vTitle":{"runAfter":{"Set_variable_-_vSource":["Succeeded"]},"metadata":{"operationMetadataId":"ae5cce30-efc1-43d2-8ef9-f9a5942d43cf"},"type":"SetVariable","inputs":{"name":"vTitle","value":"@{item()?['Feed title']}"}},"Set_variable_-_vPublicationDate":{"runAfter":{"Set_variable_-_vTitle":["Succeeded"]},"metadata":{"operationMetadataId":"8bdb792a-4457-4bea-9359-028bbfa3b3b8"},"type":"SetVariable","inputs":{"name":"vPublicationDate","value":"@{first(split(item()?['Feed published on'],' '))}"}},"Set_variable_-_vDates":{"actions":{"Set_variable_-_vDates_1":{"runAfter":{},"metadata":{"operationMetadataId":"12401235-1e90-4b83-a1a9-9768835d3b82"},"type":"SetVariable","inputs":{"name":"vDates","value":"@{concat('<strong>Published on</strong>: ',variables('vPublicationDate'))}"}}},"runAfter":{"Set_variable_-_vUpdateDate":["Succeeded"]},"else":{"actions":{"Set_variable_-_vDates_2":{"runAfter":{},"metadata":{"operationMetadataId":"8b711584-07a9-4388-be9b-744c101f7818"},"type":"SetVariable","inputs":{"name":"vDates","value":"@{concat('<strong>Published on</strong>: ', variables('vPublicationDate'), ' - <strong>Updated on</strong>: ', variables('vUpdateDate'))}"}}}},"expression":{"or":[{"equals":["@variables('vPublicationDate')","@variables('vUpdateDate')"]},{"equals":["@variables('vUpdateDate')","0001-01-01"]}]},"metadata":{"operationMetadataId":"5ec4fada-252e-4629-b3a0-02ba6b36e409"},"type":"If"},"Set_variable_-_vSource":{"runAfter":{},"metadata":{"operationMetadataId":"25768e3b-5c57-4df1-a93b-68ce7757c4ec"},"type":"SetVariable","inputs":{"name":"vSource","value":"@{item()?['Source']}"}},"Get_article_URL":{"runAfter":{"Set_variable_-_vUrl":["Succeeded"]},"metadata":{"operationMetadataId":"d77b4ade-dc0d-4919-bfae-c1a61e0395bb"},"type":"Compose","inputs":"@concat('<a href=\"', variables('vUrl'),'\">',variables('vUrl'),'</a>')"}},"runAfter":{},"metadata":{"operationMetadataId":"9388c10b-801a-455e-86c7-4cd7aa301d73"},"type":"Scope"}},"runAfter":{"Compose":["Succeeded"]},"metadata":{"operationMetadataId":"54ff8506-2676-4e1a-ab60-dc9e212ff8fb"},"type":"Foreach"},"Microsoft_365_blog_-_List_all_RSS_feed_items":{"runAfter":{"Security_and_Compliance_blog_-_Add_to_Variable":["Succeeded"]},"metadata":{"operationMetadataId":"7408aedb-5bb6-4edd-9375-8360e5fc3463"},"type":"OpenApiConnection","inputs":{"host":{"apiId":"/providers/Microsoft.PowerApps/apis/shared_rss","connectionName":"shared_rss","operationId":"ListFeedItems"},"parameters":{"feedUrl":"https://techcommunity.microsoft.com/gxcuf89792/rss/board?board.id=microsoft_365blog","since":"@addDays(utcnow(), -1)","sinceProperty":"PublishDate"},"authentication":"@parameters('$authentication')"}},"Microsoft_365_blog_-_Add_to_Variable":{"foreach":"@body('Microsoft_365_blog_-_List_all_RSS_feed_items')","actions":{"Microsoft_365_blog_-_Append_to_array_variable":{"runAfter":{},"metadata":{"operationMetadataId":"4f6ee439-af18-4aeb-b58c-569e186a7eff"},"type":"AppendToArrayVariable","inputs":{"name":"vRSS","value":{"Source":"Microsoft 365 blog","Feed title":"@items('Microsoft_365_blog_-_Add_to_Variable')?['title']","Primary feed link":"@items('Microsoft_365_blog_-_Add_to_Variable')?['primaryLink']","Feed published on":"@items('Microsoft_365_blog_-_Add_to_Variable')?['publishDate']","Feed updated on":"@items('Microsoft_365_blog_-_Add_to_Variable')?['updatedOn']","Summary":"@items('Microsoft_365_blog_-_Add_to_Variable')?['summary']"}}}},"runAfter":{"Microsoft_365_blog_-_List_all_RSS_feed_items":["Succeeded"]},"metadata":{"operationMetadataId":"8912df87-34ac-4df7-b132-18c0fdfb700a"},"type":"Foreach"},"Azure_AD_blog__-_List_all_RSS_feed_items":{"runAfter":{"Microsoft_365_blog_-_Add_to_Variable":["Succeeded"]},"metadata":{"operationMetadataId":"7408aedb-5bb6-4edd-9375-8360e5fc3463"},"type":"OpenApiConnection","inputs":{"host":{"apiId":"/providers/Microsoft.PowerApps/apis/shared_rss","connectionName":"shared_rss","operationId":"ListFeedItems"},"parameters":{"feedUrl":"https://techcommunity.microsoft.com/gxcuf89792/rss/board?board.id=Identity","since":"@addDays(utcnow(), -1)","sinceProperty":"PublishDate"},"authentication":"@parameters('$authentication')"}},"Azure_AD_blog_-_Add_to_Variable":{"foreach":"@body('Azure_AD_blog__-_List_all_RSS_feed_items')","actions":{"Azure_AD_blog_-_Append_to_array_variable":{"runAfter":{},"metadata":{"operationMetadataId":"4f6ee439-af18-4aeb-b58c-569e186a7eff"},"type":"AppendToArrayVariable","inputs":{"name":"vRSS","value":{"Source":"Azure AD blog","Feed title":"@items('Azure_AD_blog_-_Add_to_Variable')?['title']","Primary feed link":"@items('Azure_AD_blog_-_Add_to_Variable')?['primaryLink']","Feed published on":"@items('Azure_AD_blog_-_Add_to_Variable')?['publishDate']","Feed updated on":"@items('Azure_AD_blog_-_Add_to_Variable')?['updatedOn']","Summary":"@items('Azure_AD_blog_-_Add_to_Variable')?['summary']"}}}},"runAfter":{"Azure_AD_blog__-_List_all_RSS_feed_items":["Succeeded"]},"metadata":{"operationMetadataId":"8912df87-34ac-4df7-b132-18c0fdfb700a"},"type":"Foreach"},"Microsoft_Teams_blog_-_List_all_RSS_feed_items":{"runAfter":{"Azure_AD_blog_-_Add_to_Variable":["Succeeded"]},"metadata":{"operationMetadataId":"7408aedb-5bb6-4edd-9375-8360e5fc3463"},"type":"OpenApiConnection","inputs":{"host":{"apiId":"/providers/Microsoft.PowerApps/apis/shared_rss","connectionName":"shared_rss","operationId":"ListFeedItems"},"parameters":{"feedUrl":"https://techcommunity.microsoft.com/gxcuf89792/rss/board?board.id=MicrosoftTeamsBlog","since":"@addDays(utcnow(), -1)","sinceProperty":"PublishDate"},"authentication":"@parameters('$authentication')"}},"Microsoft_Teams_Community_blog_-_List_all_RSS_feed_items":{"runAfter":{"Microsoft_Teams_blog_-_Add_to_Variable":["Succeeded"]},"metadata":{"operationMetadataId":"7408aedb-5bb6-4edd-9375-8360e5fc3463"},"type":"OpenApiConnection","inputs":{"host":{"apiId":"/providers/Microsoft.PowerApps/apis/shared_rss","connectionName":"shared_rss","operationId":"ListFeedItems"},"parameters":{"feedUrl":"https://techcommunity.microsoft.com/gxcuf89792/rss/board?board.id=MicrosoftTeamsCommunityBlog","since":"@addDays(utcnow(), -1)","sinceProperty":"PublishDate"},"authentication":"@parameters('$authentication')"}},"Microsoft_Teams_blog_-_Add_to_Variable":{"foreach":"@body('Microsoft_Teams_blog_-_List_all_RSS_feed_items')","actions":{"Microsoft_Teams_blog_-_Append_to_array_variable":{"runAfter":{},"metadata":{"operationMetadataId":"4f6ee439-af18-4aeb-b58c-569e186a7eff"},"type":"AppendToArrayVariable","inputs":{"name":"vRSS","value":{"Source":"Microsoft Teams blog","Feed title":"@items('Microsoft_Teams_blog_-_Add_to_Variable')?['title']","Primary feed link":"@items('Microsoft_Teams_blog_-_Add_to_Variable')?['primaryLink']","Feed published on":"@items('Microsoft_Teams_blog_-_Add_to_Variable')?['publishDate']","Feed updated on":"@items('Microsoft_Teams_blog_-_Add_to_Variable')?['updatedOn']","Summary":"@items('Microsoft_Teams_blog_-_Add_to_Variable')?['summary']"}}}},"runAfter":{"Microsoft_Teams_blog_-_List_all_RSS_feed_items":["Succeeded"]},"metadata":{"operationMetadataId":"8912df87-34ac-4df7-b132-18c0fdfb700a"},"type":"Foreach"},"Microsoft_Teams_Community_blog_-_Add_to_Variable":{"foreach":"@body('Microsoft_Teams_Community_blog_-_List_all_RSS_feed_items')","actions":{"Microsoft_Teams_Community_blog_-_Append_to_array_variable":{"runAfter":{},"metadata":{"operationMetadataId":"4f6ee439-af18-4aeb-b58c-569e186a7eff"},"type":"AppendToArrayVariable","inputs":{"name":"vRSS","value":{"Source":"Microsoft Teams Community blog","Feed title":"@items('Microsoft_Teams_Community_blog_-_Add_to_Variable')?['title']","Primary feed link":"@items('Microsoft_Teams_Community_blog_-_Add_to_Variable')?['primaryLink']","Feed published on":"@items('Microsoft_Teams_Community_blog_-_Add_to_Variable')?['publishDate']","Feed updated on":"@items('Microsoft_Teams_Community_blog_-_Add_to_Variable')?['updatedOn']","Summary":"@items('Microsoft_Teams_Community_blog_-_Add_to_Variable')?['summary']"}}}},"runAfter":{"Microsoft_Teams_Community_blog_-_List_all_RSS_feed_items":["Succeeded"]},"metadata":{"operationMetadataId":"8912df87-34ac-4df7-b132-18c0fdfb700a"},"type":"Foreach"},"Office_365_blog_-_Add_to_Variable":{"foreach":"@body('Office_365_blog_-_List_all_RSS_feed_items')","actions":{"Office_365_blog_-_Append_to_array_variable":{"runAfter":{},"metadata":{"operationMetadataId":"58ae0987-8a77-4ec1-b1a6-de2bfb90ce79"},"type":"AppendToArrayVariable","inputs":{"name":"vRSS","value":{"Source":"Office 365 blog","Feed title":"@items('Office_365_blog_-_Add_to_Variable')?['title']","Primary feed link":"@items('Office_365_blog_-_Add_to_Variable')?['primaryLink']","Feed published on":"@items('Office_365_blog_-_Add_to_Variable')?['publishDate']","Feed updated on":"@items('Office_365_blog_-_Add_to_Variable')?['updatedOn']","Summary":"@items('Office_365_blog_-_Add_to_Variable')?['summary']"}}}},"runAfter":{"Office_365_blog_-_List_all_RSS_feed_items":["Succeeded"]},"metadata":{"operationMetadataId":"831edbf1-5feb-46c7-895e-6cd210ed2b2f"},"type":"Foreach"},"Office_365_blog_-_List_all_RSS_feed_items":{"runAfter":{"Initialize_variable_-_vSummary":["Succeeded"]},"metadata":{"operationMetadataId":"2ee78a5d-1793-4304-ba5c-4225d3db3c58"},"type":"OpenApiConnection","inputs":{"host":{"apiId":"/providers/Microsoft.PowerApps/apis/shared_rss","connectionName":"shared_rss","operationId":"ListFeedItems"},"parameters":{"feedUrl":"https://techcommunity.microsoft.com/gxcuf89792/rss/board?board.id=Office365Blog","since":"@addDays(utcnow(),-1)","sinceProperty":"PublishDate"},"authentication":"@parameters('$authentication')"}},"Initialize_variable_-_vPublicationDate":{"runAfter":{"Initialize_variable_-_vTitle":["Succeeded"]},"metadata":{"operationMetadataId":"e28ebebd-ef53-44a7-982e-9287e8b9aa2c"},"type":"InitializeVariable","inputs":{"variables":[{"name":"vPublicationDate","type":"string"}]}},"Initialize_variable_-_vUpdateDate":{"runAfter":{"Initialize_variable_-_vPublicationDate":["Succeeded"]},"metadata":{"operationMetadataId":"912f5ea0-0c48-4096-ac11-f43d6417aba1"},"type":"InitializeVariable","inputs":{"variables":[{"name":"vUpdateDate","type":"string"}]}},"Initialize_variable_-_vUrl":{"runAfter":{"Initialize_variable_-_vDates":["Succeeded"]},"metadata":{"operationMetadataId":"8bf6babe-0dba-4695-a428-98f1d2727e88"},"type":"InitializeVariable","inputs":{"variables":[{"name":"vUrl","type":"string"}]}},"Initialize_variable_-_vSummary":{"runAfter":{"Initialize_variable_-_vUrl":["Succeeded"]},"metadata":{"operationMetadataId":"5ff451d6-24ef-4450-a9d5-286e3fc9be72"},"type":"InitializeVariable","inputs":{"variables":[{"name":"vSummary","type":"string"}]}},"Initialize_variable_-_vTitle":{"runAfter":{"Initialize_variable_-_vSource":["Succeeded"]},"metadata":{"operationMetadataId":"8b56ab28-3a6f-4e52-9cd5-74a52a3972b7"},"type":"InitializeVariable","inputs":{"variables":[{"name":"vTitle","type":"string"}]}},"Initialize_variable_-_vDates":{"runAfter":{"Initialize_variable_-_vUpdateDate":["Succeeded"]},"metadata":{"operationMetadataId":"f828abad-53b7-4ace-8a4c-d829f46e3cba"},"type":"InitializeVariable","inputs":{"variables":[{"name":"vDates","type":"string"}]}},"Initialize_variable_-_vSource":{"runAfter":{"Initialize_variable_-_vRSS":["Succeeded"]},"metadata":{"operationMetadataId":"eca60db8-1eb1-4264-b9b1-8563a098856b"},"type":"InitializeVariable","inputs":{"variables":[{"name":"vSource","type":"string"}]}},"Power_Automate_blog_-_Add_to_Variable":{"foreach":"@body('Power_Automate_blog_-_List_all_RSS_feed_items')","actions":{"Power_Automate_blog_-_Append_to_array_variable":{"runAfter":{},"metadata":{"operationMetadataId":"4f6ee439-af18-4aeb-b58c-569e186a7eff"},"type":"AppendToArrayVariable","inputs":{"name":"vRSS","value":{"Source":"Power Automate blog","Feed title":"@item()?['title']","Primary feed link":"@item()?['primaryLink']","Feed published on":"@item()?['publishDate']","Feed updated on":"@item()?['updatedOn']","Summary":"@item()?['summary']"}}}},"runAfter":{"Power_Automate_blog_-_List_all_RSS_feed_items":["Succeeded"]},"metadata":{"operationMetadataId":"8912df87-34ac-4df7-b132-18c0fdfb700a"},"type":"Foreach"},"Power_Automate_blog_-_List_all_RSS_feed_items":{"runAfter":{"Microsoft_Teams_Community_blog_-_Add_to_Variable":["Succeeded"]},"metadata":{"operationMetadataId":"7408aedb-5bb6-4edd-9375-8360e5fc3463"},"type":"OpenApiConnection","inputs":{"host":{"apiId":"/providers/Microsoft.PowerApps/apis/shared_rss","connectionName":"shared_rss","operationId":"ListFeedItems"},"parameters":{"feedUrl":"https://techcommunity.microsoft.com/gxcuf89792/rss/board?board.id=MicrosoftTeamsCommunityBlog","since":"@addDays(utcnow(), -1)","sinceProperty":"PublishDate"},"authentication":"@parameters('$authentication')"}}}},"connectionReferences":{"shared_rss":{"connectionName":"shared-rss-41864d10-b70f-49ce-b1f1-0f26-f336ab92","source":"Embedded","id":"/providers/Microsoft.PowerApps/apis/shared_rss","tier":"NotSpecified"}},"flowFailureAlertSubscribed":false}}